name,is_company,website,email,phone,street,city,country_id,is_faizy_vendor,faizy_vendor_type,faizy_vendor_state,faizy_vendor_service_ids,faizy_vendor_note
Kaacib,True,https://kaacib.com/,info@kaacib.com,+92 304 1110203,,Karachi,Pakistan,True,Repair / Home Services,Prospect,"Repairs & Vendors,Maid & Cleaning","WhatsApp +92 325 1522242. CONTACT VERIFIED from their site. On-demand home and auto services across Karachi: electrician, plumber, AC technician, generator, CCTV, cleaning, car and bike mechanics. Also runs B2B facility management. Booking via kaacib.com/make-appointment or WhatsApp. They dispatch their own vetted technicians through their own worker app, so a Faizy repair job can be handed over end to end rather than sourced tradesman by tradesman."
Asani,True,https://asani.io/,,,"Office 207, National Aerospace Science & Technology Park (NASTP)",Karachi,Pakistan,True,Repair / Home Services,Prospect,Repairs & Vendors,"ADDRESS VERIFIED from their site; no phone or email published. Water management for homes and commercial sites: smart tank level indicators, automatic and app-controlled motor controllers, level alerts. From Rs. 35,000 including consultancy, installation and after-sales, 12-month warranty. Sold via a site visit — a Faizy job here is attending the survey on the family's behalf, then the install. Relevant when elderly parents cannot manage tanks and motors themselves."
Haazir,True,https://haazir.tech/,,,,,,True,,Prospect,,UNKNOWN — site unreachable from the build environment and no page supplied yet. Name and website only. Set the type and city before using this record.
Dawaai,True,https://dawaai.pk/,,,,Karachi,Pakistan,True,Pharmacy,Prospect,Medicines & Pharmacy,"RESEARCHED LEAD — not contacted, contact details not verified. Online pharmacy, nationwide delivery, selected medicines within 60 minutes of order confirmation in Karachi."
Chughtai Pharmacy,True,https://chughtailab.com/chughtai-pharmacy/,,,,Lahore,Pakistan,True,Pharmacy,Prospect,Medicines & Pharmacy,"RESEARCHED LEAD — not contacted, contact details not verified. Pharmacy arm of Chughtai Lab. In-store and online medicine delivery across Lahore, free delivery on eligible orders. Same group as the lab below, so one commercial conversation could cover both."
MedicalStore.com.pk,True,https://medicalstore.com.pk/,,,,Karachi,Pakistan,True,Pharmacy,Prospect,Medicines & Pharmacy,"RESEARCHED LEAD — not contacted, contact details not verified. Online pharmacy ordering 24/7 by web or app from Karachi, Lahore and nationwide. Free delivery in Karachi above Rs. 1500 and nationwide above Rs. 3000."
hPharmacy,True,https://hpharmacy.pk/,,,,Lahore,Pakistan,True,Pharmacy,Prospect,Medicines & Pharmacy,"RESEARCHED LEAD — not contacted, contact details not verified. Delivery within 60 minutes of order confirmation in Lahore; nationwide delivery with location-based charges."
Chughtai Lab,True,https://chughtailab.com/,,,,Lahore,Pakistan,True,Diagnostic Lab,Prospect,,"RESEARCHED LEAD — not contacted, contact details not verified. Serves Karachi, Lahore, Islamabad, Rawalpindi, Faisalabad, Multan, Peshawar and Quetta. Collection-centre network plus home sample collection. Widest city coverage of the labs found."
Dr Essa Laboratory,True,https://dressalab.com/,,,,Karachi,Pakistan,True,Diagnostic Lab,Prospect,,"RESEARCHED LEAD — not contacted, contact details not verified. One of the largest diagnostic chains: Karachi, Lahore, Islamabad, Gujranwala, Sialkot, Peshawar, Mirpur Khas, Gujrat, Hyderabad. Pathology and imaging with free home sample collection."
Citi Lab,True,https://citilab.com.pk/,,,,Lahore,Pakistan,True,Diagnostic Lab,Prospect,,"RESEARCHED LEAD — not contacted, contact details not verified. 50+ branches; free home sample collection included in packages within Lahore, Karachi and Islamabad — the three cities Faizy already staffs."
Shifa4U,True,https://www.shifa4u.com/,,,,Islamabad,Pakistan,True,Diagnostic Lab,Prospect,,"RESEARCHED LEAD — not contacted, contact details not verified. Online lab test ordering with free home sampling. Aggregator rather than a single lab, so useful where a specific lab has no branch."
METRO Pakistan,True,https://www.metro.pk/,,,,Lahore,Pakistan,True,Grocery / Kiryana,Prospect,"Grocery & Daily,Eid Groceries & Hampers","RESEARCHED LEAD — not contacted, contact details not verified. Nationwide grocery, electronics and lifestyle. Home delivery in Lahore, Islamabad, Karachi, Faisalabad and Multan; express delivery within 3 hours in the major cities. Largest and most likely to have a B2B account process."
Bazaar App,True,https://www.bazaarapp.com/,,,,Karachi,Pakistan,True,Grocery / Kiryana,Prospect,Grocery & Daily,"RESEARCHED LEAD — not contacted, contact details not verified. Online grocery in Karachi, Lahore, Islamabad and other cities. Next-day delivery."
Springs,True,https://springs.com.pk/,,,,Karachi,Pakistan,True,Grocery / Kiryana,Prospect,Grocery & Daily,"RESEARCHED LEAD — not contacted, contact details not verified. Founded 2015. Delivers to Karachi, Lahore, Islamabad, Rawalpindi, Multan, Faisalabad and Peshawar across 13 categories."
CartPK,True,https://www.cartpk.com/,,,,Karachi,Pakistan,True,Grocery / Kiryana,Prospect,Grocery & Daily,"RESEARCHED LEAD — not contacted, contact details not verified. Karachi only, two-hour delivery anywhere in the city, free above Rs. 3000. Fastest option found for an urgent Karachi grocery run."
SPAR Pakistan,True,https://store.spar.pk/,,,,Karachi,Pakistan,True,Grocery / Kiryana,Prospect,Grocery & Daily,"RESEARCHED LEAD — not contacted, contact details not verified. Supermarket chain delivering across Karachi."
TCS,True,https://www.tcs.com.pk/,,,,Karachi,Pakistan,True,Courier / Transport,Prospect,"Pickup & Drop,Gifts to Relatives","RESEARCHED LEAD — not contacted, contact details not verified. Pakistan's oldest courier, 2000+ agents and outlets, widest reach including smaller cities and international. The one to use when the family is outside the three cities Faizy staffs."
Leopards Courier,True,https://www.leopardscourier.com/,,,,Karachi,Pakistan,True,Courier / Transport,Prospect,"Pickup & Drop,Gifts to Relatives","RESEARCHED LEAD — not contacted, contact details not verified. Largest Pakistani courier by shipment volume, 3000+ destinations. Same-day delivery available in Karachi, Lahore and Islamabad; COD and tracking."
M&P (Mulphi Logistics),True,https://www.mulphilog.com/,,,,Karachi,Pakistan,True,Courier / Transport,Prospect,Pickup & Drop,"RESEARCHED LEAD — not contacted, contact details not verified. 200+ branches nationwide, door-to-door. Reported as the cheapest of the three majors, so worth quoting against TCS and Leopards."
oladoc,True,https://oladoc.com/,,,,Lahore,Pakistan,True,Clinic / Doctor,Prospect,,"RESEARCHED LEAD — not contacted, contact details not verified. Doctor discovery, appointment booking and video consultation nationwide; has moved into medicine delivery too. Useful for Hospital Escort jobs where the appointment must be booked first."
Sehat Kahani,True,https://sehatkahani.com/,,,,Karachi,Pakistan,True,Clinic / Doctor,Prospect,,"RESEARCHED LEAD — not contacted, contact details not verified. Founded 2017 by two female doctors; connects patients to qualified female doctors by video. Directly relevant where a mother or grandmother will only see a female doctor."
Marham,True,https://www.marham.pk/,,,,Lahore,Pakistan,True,Clinic / Doctor,Prospect,,"RESEARCHED LEAD — not contacted, contact details not verified. Doctor search, appointment booking and online consultation nationwide. Started 2015."
